fromNodeId,toNodeId,weight
0,1,4
0,6309,9
0,6353,40
6353,6354,23
6353,6364,15
6353,6386,1
6309,6310,33
6309,6344,26
2,3,17
2,4,38
2,7,26
3,309,9
4,273,4
4,274,29
4,388,42
7,8,1
7,16,36
7,3998,6
6,309,22
274,309,24
309,1060390,43
273,3861,3
273,3862,38
273,3872,5
274,3862,4
274,1060215,18
388,389,34
388,4005,21
388,4006,3
5,6,7
5,8,50
5,9,18
6,305,18
6,310,41
6,1060307,20
9,12,23
9,10464,15
15,310,19
310,311,6
1060307,1060308,22
1060307,1087545,33
16,17,8
16,18,42
3998,3999,4
3998,4006,17
12,13,15
12,14,49
311,10464,26
10,11,7
10,22,36
10,77,46
11,44,42
22,44,10
22,58,26
22,69,26
76,77,25
77,197,49
44,45,20
44,51,43
14,15,48
14,20,44
15,312,15
19,20,17
20,24,3
20,312,40
26,312,15
312,1060297,21
18,24,34
18,266,27
266,303,21
23,24,49
24,303,46
19,21,24
19,23,35
19,25,5
23,38,47
25,26,44
25,29,16
50,58,4
58,70,21
69,70,46
69,76,16
69,83,47
38,39,41
38,52,44
39,303,34
303,304,10
26,37,13
26,1060297,16
27,29,17
29,314,35
36,37,35
37,313,23
37,1059795,33
1059754,1060297,46
1059796,1060297,32
27,28,34
27,30,24
30,31,13
30,32,20
314,315,10
314,316,45
32,33,26
32,34,8
34,35,42
34,36,50
36,40,34
36,313,40
40,45,17
40,67,3
276,313,34
313,1059823,36
1059795,1059796,35
1059795,1059803,39
39,317,34
39,4027,39
52,53,27
52,71,1
52,132,4
304,4027,25
4004,4027,6
4027,4299,18
72,317,37
317,4041,22
317,4055,50
45,275,45
45,279,33
41,42,28
41,43,8
41,57,36
42,279,22
42,8841,30
56,57,19
57,64,34
57,75,32
53,279,37
50,51,27
275,276,4
275,284,29
46,47,18
46,56,9
46,59,23
47,55,36
47,60,26
56,65,25
59,60,26
59,65,44
59,68,37
49,55,45
54,55,6
54,60,24
48,49,29
48,54,33
48,63,19
48,277,18
54,62,14
53,277,44
277,326,36
62,63,9
50,61,23
61,70,9
61,81,33
53,278,26
71,72,3
71,319,45
132,151,2
132,152,12
148,278,25
156,278,30
62,68,26
65,75,26
65,78,33
64,66,4
64,80,46
75,80,14
75,82,18
70,93,36
68,78,36
79,81,14
81,93,40
81,95,42
66,73,40
66,86,23
80,86,41
80,87,12
78,82,16
73,74,17
73,79,38
86,89,25
86,94,39
76,88,24
76,198,32
83,88,19
83,92,17
92,93,24
72,318,20
319,320,12
319,4052,50
79,89,18
82,87,23
82,106,26
88,96,18
88,387,11
197,198,9
198,10925,37
197,387,11
89,95,36
89,97,12
87,94,21
87,99,7
95,101,23
95,102,44
105,106,47
92,96,43
92,98,2
84,85,19
84,352,42
84,9833,19
85,853,39
85,895,5
907,9833,6
7597,9833,40
9833,9836,37
895,896,7
895,2726,42
94,97,8
94,108,39
99,100,8
99,105,6
99,3558,47
96,103,16
96,104,7
97,102,29
97,107,21
90,91,3
90,297,40
90,400,48
90,1520,40
90,1642,38
91,295,35
91,297,50
91,345,42
257,297,11
293,297,9
397,400,50
400,1642,50
1642,5901,50
295,296,48
295,298,22
295,382,20
344,345,33
345,382,33
345,403,35
98,101,7
98,104,24
100,108,27
107,108,47
108,110,37
101,112,48
101,2339,40
102,111,42
102,113,45
103,115,44
103,124,47
104,115,12
104,120,6
107,113,2
107,346,37
100,109,36
105,9062,34
109,110,7
109,118,45
112,2339,10
120,2339,36
111,112,45
111,119,24
111,122,21
113,114,48
113,121,36
115,120,13
115,123,39
115,128,29
123,124,31
124,347,43
119,120,49
117,9062,22
110,346,33
116,118,19
119,125,20
121,122,25
122,125,49
122,127,29
121,126,27
123,136,44
125,128,41
128,138,40
116,117,19
116,133,40
125,129,32
126,127,22
126,130,30
127,129,21
127,134,12
135,136,31
136,347,24
129,137,1
130,131,24
130,134,16
134,137,28
134,142,1
137,138,16
138,144,12
138,8855,19
137,145,8
151,153,5
151,156,28
152,153,3
152,154,39
141,142,4
142,145,16
135,284,11
135,8946,3
284,406,2
284,1059853,41
411,8946,3
2342,8946,17
8946,8947,8
143,145,21
143,144,34
144,177,46
144,8862,30
140,8855,35
8855,8862,41
139,140,32
139,2342,10
139,8862,49
8862,9824,10
141,143,11
141,325,7
324,325,12
325,8951,6
146,147,42
146,148,29
146,149,34
147,148,26
147,150,31
147,412,15
148,324,2
149,150,35
149,161,9
322,412,41
412,10926,44
150,406,34
150,411,40
322,324,44
161,175,41
161,328,19
411,8949,2
285,406,6
155,156,25
156,4323,46
153,154,4
153,8945,20
155,157,16
155,166,8
157,162,4
157,170,40
165,166,3
166,332,37
4091,4323,27
4138,4323,21
170,171,42
170,4137,6
158,159,23
158,160,15
158,280,4
159,280,47
159,282,24
280,281,26
280,1059924,36
282,283,39
173,175,29
175,178,20
327,328,6
328,4478,10
328,8933,16
163,164,37
163,165,38
163,180,12
164,180,43
164,327,13
165,171,5
179,180,41
327,329,42
327,4477,44
171,4139,8
167,168,47
167,169,3
167,172,42
168,281,2
168,286,10
168,1059923,23
172,176,31
172,292,15
286,292,13
286,1060295,16
281,1059924,39
1059923,1059924,12
1059923,1059925,43
1059923,1059965,20
4137,4138,27
4137,4150,6
334,4139,25
4139,4502,11
173,176,6
176,178,22
291,292,41
292,1059987,26
173,174,20
178,181,28
181,182,2
181,183,22
179,184,46
179,185,13
183,185,44
185,186,5
183,291,29
289,291,1
291,1060013,10
186,187,29
186,188,3
187,333,13
187,336,7
188,194,31
188,289,33
333,334,29
333,335,37
194,195,37
194,361,34
289,362,32
289,1060014,41
189,190,36
189,191,45
189,193,4
190,5294,33
190,5297,4
191,4444,30
191,4454,23
192,193,5
193,9967,7
5294,10525,15
5294,10937,2
4356,5297,16
4444,5297,47
5297,10525,9
4356,4454,15
4454,4506,28
4356,4444,33
4444,10526,46
192,196,14
192,10687,29
195,196,32
196,10400,50
4212,10687,32
10687,10696,35
9967,9968,46
9967,10417,23
195,338,37
200,361,12
361,362,1
361,377,18
337,338,18
338,9407,42
10400,10417,29
199,200,19
199,205,11
199,206,48
200,373,17
200,376,16
206,207,39
206,210,33
204,205,29
290,373,23
373,374,50
373,375,47
207,376,11
376,377,15
376,391,16
201,202,13
201,203,46
201,204,19
201,213,23
202,208,3
202,383,47
203,383,3
204,210,15
204,212,44
208,213,24
212,213,22
213,222,33
208,209,19
208,214,23
210,211,33
210,215,8
212,215,15
212,221,37
207,1203,34
211,1203,28
360,1203,8
209,287,50
209,288,29
209,290,21
214,222,3
214,299,6
287,290,15
287,372,42
287,1060078,38
288,298,23
288,302,28
290,375,7
211,220,16
211,223,6
215,223,48
215,226,9
223,229,32
223,231,41
218,220,9
220,231,25
220,360,1
221,222,35
221,226,29
221,243,23
243,299,41
298,299,40
226,229,24
226,350,46
216,217,4
216,225,16
216,227,1
216,10893,50
217,219,33
217,224,5
225,228,37
225,233,42
224,227,25
227,233,38
227,236,24
218,224,21
224,234,18
218,219,36
219,360,10
218,230,23
230,231,45
230,234,16
230,237,10
231,238,37
241,243,1
243,350,1
229,238,41
234,236,22
234,239,31
228,232,2
228,235,35
233,235,49
233,240,24
242,350,37
350,351,17
236,240,20
232,1355,21
232,1380,7
235,244,24
237,238,12
237,239,45
237,343,13
240,244,18
240,245,43
239,245,35
239,264,38
244,246,25
244,357,10
245,246,6
264,265,38
264,397,37
264,4374,24
241,242,41
241,296,34
242,356,42
296,384,11
248,357,13
357,359,50
246,359,22
358,359,4
247,248,20
247,249,5
247,259,14
247,405,15
248,358,6
249,250,18
249,251,29
258,259,34
259,1371,12
250,405,45
391,405,12
250,263,2
250,4211,22
251,258,32
251,263,23
4207,4211,38
4211,4212,14
262,263,32
263,4245,40
258,265,39
252,253,2
252,254,8
252,256,33
253,294,39
253,10841,50
254,10755,43
254,10757,44
255,256,33
256,293,25
256,341,38
293,294,34
294,10841,13
10756,10841,34
10755,10756,45
10755,10757,37
10757,10941,50
255,257,45
255,260,24
257,10721,21
260,261,47
260,340,15
293,10721,9
340,341,7
341,342,45
341,416,17
265,1371,7
1371,1372,8
261,344,13
340,348,19
4243,4245,38
4244,4245,4
4245,4374,26
397,420,12
525,4374,20
4374,7666,26
267,268,37
267,269,42
267,306,2
267,321,2
268,269,30
268,321,22
268,1410,43
306,1401,11
306,10470,50
269,321,23
269,1400,17
1391,1410,34
1409,1410,15
1410,1416,41
1400,1401,13
1400,1591,44
270,271,20
270,272,41
270,404,23
270,1666,48
271,595,19
271,10476,17
272,595,28
272,10109,1
404,407,9
404,425,14
404,1398,3
1665,1666,3
1666,1746,12
1666,10109,45
595,1386,49
1394,10476,27
10108,10109,24
10109,388461,31
3861,4285,16
3861,4286,10
448,3862,32
3862,1068258,49
389,3872,41
3871,3872,13
3872,4286,6
1059684,1060215,34
1060202,1060215,16
1060215,1087433,22
276,1059812,11
1059803,1059812,15
1059811,1059812,9
1059812,1060231,3
1059924,1059925,49
283,285,38
283,1059870,43
1059853,1059870,43
1059870,1059873,5
1059852,1059853,47
1059965,1060295,33
1059988,1060295,42
1060035,1060295,19
371,372,10
1060015,1060078,44
1060078,1060079,16
298,803,41
300,302,1
302,371,22
302,401,47
362,367,50
1060013,1060014,40
1060014,1060404,22
374,375,7
1060013,1060015,30
1059987,1059988,34
1059987,1059992,5
382,802,4
402,803,41
803,841,17
300,301,39
300,368,36
300,370,26
301,401,43
301,1075,32
368,369,19
368,370,42
370,371,17
370,1062480,47
401,402,16
401,825,21
1020,1075,25
1075,1570,38
304,7600,9
1398,10470,33
10470,10471,40
1401,10471,23
307,308,14
307,4114,37
307,4479,48
307,4579,48
308,10614,20
4069,4114,34
4114,4115,9
4110,4479,32
4479,4480,37
4577,4579,43
4578,4579,1
4070,10614,45
10614,10699,33
1060390,1087546,41
1060390,1087547,11
4012,4041,49
4041,4400,26
4054,4055,44
4055,4401,38
4052,4053,50
4052,4066,43
322,323,11
8951,9403,34
8951,9404,7
329,330,2
329,4144,26
4477,4478,15
4477,10758,45
8776,8933,49
8931,8933,25
4478,10758,24
330,331,4
4144,10015,39
331,8775,39
8775,8776,42
8775,8931,46
334,4149,39
4149,4150,16
4149,4503,5
4149,10506,27
337,339,7
337,377,31
377,391,40
348,349,18
348,416,14
415,416,39
416,488,41
403,825,37
403,841,47
403,1020,15
353,354,48
353,355,31
353,7831,37
354,508,45
354,509,34
7831,7849,30
7831,8747,44
439,508,31
508,510,19
509,513,46
509,514,17
367,374,47
363,364,50
363,991,40
363,4116,26
364,1001,43
364,1009,4
364,8892,29
991,993,26
991,8464,43
4018,4116,22
4116,8457,39
1001,8447,28
1001,9077,24
1009,1021,23
1009,1027,38
1009,1028,39
365,366,40
365,5117,6
365,9332,23
365,10361,43
366,4109,39
366,4177,36
5854,9332,16
9331,9332,33
5062,10361,34
5131,10361,21
4891,5117,10
5117,5854,45
369,419,50
369,486,32
417,419,29
419,486,39
419,487,27
486,487,23
486,1062480,9
1062480,1087517,23
378,379,17
378,4499,25
378,10425,22
4498,4499,43
4499,10252,12
380,381,11
380,1534,3
380,1539,34
380,1550,15
380,4585,23
381,1364,1
381,1550,32
381,10141,24
1539,1540,44
1539,1541,45
1534,1535,11
1534,1541,48
1535,1550,45
1547,1550,4
3471,4585,42
4585,4588,23
4585,10141,50
1364,1547,16
1364,1552,3
1640,10141,42
10141,10142,37
802,920,41
802,992,42
385,386,7
385,390,5
385,392,41
386,410,39
386,630,28
386,631,22
390,392,18
390,410,35
390,2161,22
392,1327,28
630,631,19
630,686,22
630,10451,15
630,388440,38
631,707,13
631,388438,23
410,1769,26
410,2164,15
389,3939,9
4004,4006,48
4006,4294,32
3982,4005,43
4004,4005,15
4005,4297,44
3873,3939,16
3938,3939,50
3939,4290,8
914,1327,29
1327,1390,17
1327,1424,20
393,394,32
393,1095,1
393,1488,20
393,1699,8
394,398,6
394,1469,30
394,1488,36
1455,1699,15
1456,1699,9
1095,1096,31
1095,1463,10
1095,3473,30
1488,10810,39
1468,1469,32
1469,1697,13
398,399,37
398,1468,31
398,10346,5
395,396,44
395,6485,46
395,6489,45
396,6484,16
396,6700,28
6485,6486,10
6485,6489,26
6486,6489,5
2680,6484,22
6484,6526,35
6677,6700,49
6698,6700,14
6699,6700,18
420,421,37
420,524,17
399,1467,27
399,1472,38
399,10810,15
1468,10346,6
1472,10346,38
1697,10346,28
1461,1467,35
1467,1471,43
1471,1472,39
402,825,50
825,1020,16
841,1073,49
407,408,8
407,425,44
425,1396,14
1398,5169,21
1398,10471,24
408,409,50
408,1386,12
409,1592,11
409,1667,29
409,389465,43
1386,1394,35
1386,389434,1
1421,1667,46
1592,1667,22
1422,1592,42
1591,1592,39
680,2164,28
1785,2164,18
2162,2164,48
1768,1769,50
1769,10437,9
8833,8949,29
8947,8949,39
413,414,7
413,418,23
413,489,3
414,489,49
414,490,27
414,491,3
489,602,46
489,604,12
417,418,11
418,10837,6
490,491,37
490,603,50
490,1060395,24
491,596,4
415,421,45
415,422,34
422,426,30
421,504,33
424,488,43
428,488,18
417,505,3
494,505,43
505,506,16
487,596,50
524,525,50
524,526,14
524,7705,18
426,427,13
423,424,16
423,428,3
423,430,48
424,430,28
424,494,41
429,430,17
430,434,47
427,428,30
428,496,17
494,507,19
1396,1397,8
1396,1686,39
427,432,45
432,456,40
432,515,7
456,496,27
495,496,20
429,431,27
429,434,19
431,443,26
431,10838,31
433,434,45
434,443,43
433,443,49
443,492,47
455,456,36
440,515,39
511,515,40
433,492,14
433,10725,26
492,493,28
492,527,1
590,10725,38
10725,10727,44
435,436,32
435,437,37
435,438,13
436,527,29
436,529,49
438,536,10
438,600,39
438,1062473,27
527,528,1
534,536,14
536,594,35
536,1062554,49
599,600,18
600,1062530,13
1062473,1090015,27
1062473,1090016,32
439,440,19
439,452,2
440,601,37
451,452,36
452,516,19
601,10843,48
601,10844,28
441,442,16
441,445,36
441,4582,13
4582,10903,17
4582,10904,46
444,445,27
445,10263,29
444,446,9
444,10283,45
4620,10283,43
10263,10283,40
4594,10263,28
4950,10263,32
447,448,37
447,3791,35
447,1087521,5
448,4285,19
448,1068257,11
1307,3791,25
3790,3791,31
3791,1068256,19
3790,4285,9
4285,4286,44
449,450,26
449,485,30
449,4587,29
450,6748,13
450,6792,39
485,5907,13
485,5909,23
485,9113,49
4587,5907,27
4587,6820,35
6748,6749,3
6748,6754,26
6792,6793,20
6792,6834,6
453,454,41
453,8265,27
453,1067915,8
454,498,11
454,7530,15
576,8265,21
8265,8465,39
498,499,35
498,8942,50
7529,7530,37
7530,8465,25
455,457,16
455,462,39
457,458,21
457,521,5
462,522,25
462,587,12
462,588,1
458,459,34
458,461,18
458,520,47
460,521,49
521,522,26
459,461,2
460,461,22
459,460,34
522,523,46
585,587,35
587,588,7
587,1060651,8
588,589,5
588,1060648,6
463,464,49
463,467,18
463,580,16
464,538,26
464,539,37
469,580,27
580,581,45
580,1060691,10
465,466,47
465,7912,32
465,8788,5
7912,7913,13
7912,7916,40
468,469,47
468,470,20
468,7936,38
469,579,9
469,1061959,29
7916,7936,29
7936,7957,12
577,579,22
579,7957,19
579,1061959,27
1060690,1061959,31
1060691,1061959,10
471,472,15
471,475,29
472,573,47
475,484,18
475,575,38
573,574,41
573,576,27
573,1060791,3
473,474,25
473,1580,26
473,2491,23
473,3499,29
474,2491,39
474,3500,46
1580,3500,29
1580,4421,45
2491,3499,36
3498,3499,24
3500,7670,17
484,8563,29
572,575,34
575,8039,14
575,1060920,26
476,477,2
476,497,17
476,4645,18
477,500,37
477,530,50
477,4658,45
497,4659,1
497,4979,45
497,497225,50
500,4645,5
4645,5069,48
4645,497321,29
500,4646,45
500,4647,39
4657,4658,9
4658,4659,22
530,531,29
530,4657,27
530,4662,1
478,479,28
478,775,14
478,776,44
478,807,10
775,776,32
775,1049,45
775,389113,46
776,1053,38
776,389115,25
798,807,49
807,809,25
480,481,38
481,554,14
481,556,46
481,1062471,3
553,554,17
554,555,19
554,1061350,16
555,556,17
556,557,29
556,1061215,46
482,483,48
483,548,35
483,550,22
483,1061691,43
547,548,16
548,549,44
548,1061767,29
550,551,18
550,552,18
550,1061691,13
1061685,1061691,15
8010,8563,15
8021,8563,15
8039,8563,23
5907,5909,50
5909,9113,35
602,603,13
602,604,5
602,1062479,39
604,605,13
604,1061921,34
603,1089992,49
1060395,1060396,27
1060395,1060397,48
4657,4659,22
4978,4979,8
4979,5154,39
4979,497264,49
497225,497226,31
497225,497264,44
499,577,38
499,8557,36
499,1060758,10
7529,8942,46
577,578,14
577,1061979,21
7986,8557,15
8547,8557,4
8557,8675,23
1060757,1060758,49
1060758,1061979,34
1060758,1061982,6
4639,4646,33
4646,4647,2
4646,4963,28
533,4647,4
4647,4960,9
501,502,12
501,503,45
502,540,25
502,542,8
502,1062084,3
503,540,23
540,541,5
540,1062090,30
542,543,49
542,8445,34
542,1062083,6
1062083,1062084,5
1062084,1062088,26
513,10843,19
511,512,24
512,8789,8
517,518,22
517,519,29
517,8908,49
8885,8908,18
8887,8908,2
8908,10571,21
7694,7705,50
7705,7706,9
7705,8511,17
531,4975,31
531,4977,37
531,4978,46
4662,4663,44
4662,4669,28
4978,5160,5
4975,4976,43
4975,4977,20
4972,4977,11
4974,4977,6
532,533,28
532,537,38
532,4642,11
532,4961,38
533,4960,48
533,4961,46
537,4971,17
537,4974,16
4608,4642,13
4641,4642,29
4642,4648,20
4961,10316,2
4961,10330,24
4960,4971,31
534,535,16
534,594,3
535,594,22
535,605,5
535,1061919,20
594,1084969,11
605,606,10
605,1061921,14
1060543,1061919,35
1061919,1061920,10
1061919,1061921,21
4972,4974,13
4971,10359,20
541,10317,11
1061871,1062090,34
1062089,1062090,40
8445,10317,7
10317,10318,10
10317,1061870,33
543,544,50
543,547,6
543,1062078,3
543,1062098,37
8445,8446,15
1061814,1062083,34
1062078,1062083,50
544,549,47
544,8385,2
547,1061766,16
1061802,1062078,19
1061766,1062098,23
1061773,1062098,11
1061802,1062098,20
8365,8385,37
8384,8385,2
8385,8613,22
549,8365,30
549,8391,8
545,546,44
545,9102,11
545,9115,44
546,1998,48
546,9118,48
1378,9115,40
9105,9115,35
9101,9102,3
9102,9376,1
1997,1998,49
1998,9108,19
1378,9118,22
2097,9118,12
1061766,1061767,32
1061766,1061773,30
1061767,1062076,6
1061767,1062077,24
551,8365,49
8365,8372,10
551,8360,36
552,553,38
552,8330,5
552,1061440,42
8360,8373,8
8360,8601,42
8360,8602,41
553,8586,48
553,1061441,30
8329,8330,13
8330,8854,11
1061440,1061441,17
1061440,1061466,30
8585,8586,12
8586,8682,16
8586,8683,17
1061441,1062049,7
1061441,1062399,31
555,8266,45
555,8683,21
1061350,1061351,23
1061350,1061388,12
8260,8266,35
8266,8279,26
8279,8683,42
557,558,27
557,1062165,48
1061214,1061215,14
1061215,1061216,37
1061215,1062165,18
558,559,29
558,8280,48
558,1062472,8
1062163,1062165,3
1062165,1062570,32
559,597,1
559,598,16
559,1062472,50
8261,8280,12
8280,10851,15
1062472,1062493,13
1062472,1062570,10
597,10547,22
597,1084862,39
598,8277,20
598,10549,17
598,10851,31
560,561,37
560,8203,37
560,10547,24
560,1061118,16
561,564,40
561,8171,5
561,1061081,15
8203,8204,21
8203,9048,21
10547,10548,40
1061097,1061118,49
1061118,1061121,36
1061118,1084863,9
562,564,41
564,8157,4
8157,8171,48
8171,8173,33
8171,10682,34
1061055,1061081,19
1061081,1061084,45
1061081,1061097,33
562,563,8
562,565,8
562,1061054,25
563,8145,25
563,8157,11
563,10401,45
565,566,38
565,8130,32
565,1061056,10
1061054,1061055,26
1061054,1061056,47
8145,8146,39
8145,8147,46
8157,8162,27
8130,10401,22
9028,10401,27
566,567,10
566,8110,18
566,1061034,49
8110,8130,8
1061034,1061056,20
567,568,43
567,8083,48
567,1061012,16
8110,8111,14
8110,8113,1
1061012,1061034,34
568,571,25
8083,8084,11
8083,8087,11
8083,8111,30
1061012,1061013,46
569,571,40
571,8061,37
571,1062133,15
569,570,21
569,572,47
569,1062133,32
572,8676,13
1060982,1062133,7
1061013,1062133,24
8060,8061,25
8061,10681,49
8039,8676,32
574,7999,49
574,8001,12
576,8465,50
1060791,1060792,3
1060791,1060825,21
8001,8941,7
8001,8943,12
7999,8000,23
7999,8021,16
8038,8039,48
1060904,1060920,28
1060920,1060983,48
578,7956,16
578,7968,12
1061979,1061982,17
7956,7957,2
7956,7960,35
7957,7961,42
581,582,43
581,583,17
581,1060691,48
1060690,1060691,18
583,584,33
583,585,24
583,1060662,7
585,586,9
585,1060663,21
1060662,1060663,23
1060662,1060690,21
1060663,1062252,16
1060647,1060651,31
1060651,1060655,27
589,590,13
589,591,42
589,1060644,28
1060647,1060648,39
1060648,1062548,49
590,10726,48
591,592,34
591,593,15
591,1060645,30
1060644,1060645,2
1060644,1060647,49
593,607,40
593,1061969,40
1060645,1062174,42
599,607,30
1060633,1061969,20
1061968,1061969,11
1061969,1062558,22
1060542,1084969,46
1084969,1084970,12
1062493,1084862,47
1084862,1084863,39
8277,8278,31
8277,9048,15
8277,10851,26
10548,10549,48
1062530,1062531,44
1062530,1062557,40
1062530,1090025,14
1062179,1062479,2
1062479,1085325,35
1061920,1061921,46
608,609,34
608,610,4
608,612,44
608,682,7
609,684,23
609,702,26
609,388727,19
610,683,49
610,698,20
610,702,18
611,612,7
612,619,31
612,684,41
619,682,41
682,696,37
613,684,42
684,388570,34
701,702,21
701,388727,14
388426,388727,39
388427,388727,13
698,699,42
698,700,48
698,808,47
619,683,37
635,683,7
659,683,36
611,613,14
611,614,48
613,703,12
613,388570,31
614,618,41
614,622,25
618,619,26
703,704,43
388428,388570,34
388570,388571,3
618,659,5
620,622,16
621,622,12
622,659,27
615,616,20
615,617,35
615,623,24
616,808,39
616,811,25
623,624,25
623,625,44
699,808,35
808,828,47
811,831,28
811,1013,11
635,659,20
620,621,34
620,628,39
620,1740,41
621,660,4
627,628,8
628,695,7
1740,1741,13
1740,1744,10
660,661,21
660,704,44
624,831,37
624,1012,48
625,626,27
831,842,4
626,634,49
626,685,18
634,635,14
634,645,21
662,685,20
685,879,2
685,2689,40
627,629,30
627,637,8
627,638,45
629,637,7
629,668,30
629,669,42
638,639,43
638,653,40
636,637,41
637,639,49
686,687,45
686,692,35
686,10451,42
10106,10451,8
10451,388569,15
388437,388440,24
388438,388440,1
707,10447,21
388429,388438,22
388437,388438,34
388438,388439,7
632,633,50
632,1514,5
632,1557,42
633,1514,46
633,2769,35
1557,2770,12
1557,2772,42
1513,1514,36
2769,2770,41
2769,2772,25
635,646,16
645,646,2
645,2169,20
646,681,32
646,1758,6
636,639,41
636,672,7
639,653,35
641,672,47
672,10481,20
652,653,33
653,667,43
640,641,27
640,642,35
640,673,22
641,654,4
641,655,38
641,673,1
642,649,42
642,651,44
664,673,2
666,673,32
652,654,2
654,655,49
654,671,37
654,674,8
651,655,20
655,676,38
649,650,25
649,651,44
643,644,50
643,650,48
643,657,2
644,664,27
644,665,37
644,666,44
650,656,17
656,657,48
657,677,39
664,694,29
664,10447,6
1758,2169,43
2169,2358,46
1757,1758,12
1758,2167,4
647,648,36
647,678,13
647,687,16
647,1056,2
648,1399,1
648,2160,10
648,2621,40
678,1403,6
678,2166,24
1056,2630,9
1056,10106,33
1056,388568,1
687,10106,36
1392,1399,29
1399,1746,41
2621,2624,38
2621,10107,2
2621,388456,28
1665,2160,34
1746,2160,38
2160,10107,6
656,658,30
656,676,8
652,670,17
667,670,41
670,671,12
670,1737,24
667,688,45
671,674,4
674,675,26
674,1743,41
675,676,45
676,691,6
658,691,16
658,1738,22
677,680,26
1738,1739,34
1738,2165,44
690,691,13
691,1031,39
661,704,32
661,705,29
661,388439,44
705,706,11
388439,388441,3
706,10447,29
688,689,3
688,1737,41
688,1745,18
1737,1742,36
675,690,10
697,1743,10
1743,1761,20
690,697,43
690,1031,19
679,680,38
680,1829,5
1390,1403,18
1392,1403,27
1402,1403,39
1739,1829,7
1829,1830,32
842,879,10
879,2669,4
2359,2689,4
2669,2689,16
2689,3221,31
692,2159,6
1744,1745,31
1745,2157,27
1745,2158,41
697,1748,38
1031,1749,42
1031,2165,49
1748,1749,12
1748,1753,18
699,796,14
700,701,7
700,797,19
788,796,5
796,797,12
790,797,23
797,389118,6
706,388441,32
708,709,25
708,777,15
709,780,5
709,789,47
777,789,35
777,790,3
777,389121,38
778,780,27
779,780,11
780,389119,1
788,789,2
710,711,46
710,919,5
710,921,3
711,863,27
918,919,36
919,1060,27
714,921,44
863,1039,47
863,389013,8
863,389360,39
712,713,7
712,714,21
712,715,27
713,922,17
713,1040,26
713,382621,35
714,922,26
714,1060,41
715,1060,50
715,1061,40
715,1065,12
922,1039,11
922,389361,39
717,1040,24
1040,382621,28
382621,382622,19
382621,395383,3
1060,1061,17
1057,1061,38
1061,1263,21
1064,1065,48
1065,1068,32
716,717,36
716,720,3
716,1037,37
716,10454,31
717,1038,26
717,389291,27
720,724,16
720,732,9
720,986,31
986,1037,13
1037,1038,38
1037,1041,36
1069,10454,49
1038,1041,42
389048,389291,6
389051,389291,8
718,719,17
718,723,35
719,721,18
721,723,3
723,724,29
721,722,20
724,727,50
731,732,12
732,988,1
985,986,16
986,988,49
722,1064,44
722,1069,31
1064,1079,30
727,728,5
727,730,6
725,726,35
725,729,12
725,931,3
725,1046,6
726,1042,25
726,1044,43
726,389068,43
729,735,8
729,740,13
743,931,18
931,932,18
931,1055,38
1044,1046,19
1046,1047,25
1046,389084,39
1041,1042,24
1042,1043,14
1042,389068,27
389063,389068,10
389068,389084,2
728,975,17
728,1088,3
728,1089,4
730,737,46
730,975,50
751,975,22
975,1094,50
1086,1088,33
1088,1089,15
1088,1094,23
1079,1089,3
1081,1089,36
735,739,7
735,755,22
740,741,44
740,746,15
736,737,35
737,1026,40
731,733,4
731,736,49
733,734,11
733,736,9
733,930,27
736,738,4
736,930,42
734,988,21
988,1036,33
734,1055,28
743,930,4
930,1055,19
739,747,22
739,748,29
742,755,4
755,761,37
738,744,20
738,929,19
745,1026,10
973,1026,47
744,745,33
744,927,14
743,929,3
754,929,34
927,929,50
746,747,21
747,749,5
748,749,49
748,766,6
741,1045,22
741,1047,28
741,389307,41
741,389308,22
746,756,36
746,941,2
757,1045,5
1045,389307,28
389091,389307,36
389092,389307,15
389082,389308,25
389092,389308,26
389298,389308,29
742,743,45
742,753,48
753,754,36
753,774,38
745,973,37
745,974,38
760,927,7
927,972,24
751,973,17
973,1025,12
972,974,11
974,1024,34
974,1025,9
756,757,28
756,767,36
813,941,48
941,990,21
749,943,1
765,766,33
766,989,8
813,943,13
750,751,9
750,752,44
750,925,25
751,1025,43
752,1094,32
752,1099,30
925,926,3
925,928,3
925,1023,30
928,1025,50
1097,1099,38
1099,1123,11
754,10657,21
760,774,11
773,774,13
774,938,3
761,765,50
761,787,49
757,1048,38
757,389108,34
767,768,26
767,979,24
1048,1052,32
1052,389108,45
389025,389108,26
389104,389108,29
758,759,20
758,760,41
758,773,30
758,782,20
759,940,49
759,1023,45
759,1024,36
760,972,20
773,793,15
781,782,29
782,793,17
782,940,35
928,1023,36
1022,1023,11
928,1024,46
972,1024,19
940,1022,18
940,1288,50
765,810,36
787,791,7
787,938,25
762,763,40
762,764,19
762,769,12
763,764,38
763,1051,47
763,389102,3
764,1050,2
764,389113,21
769,770,50
769,984,8
768,1051,40
389077,389102,40
389102,389104,20
1049,1050,37
389113,389114,32
801,810,31
810,812,26
810,820,25
768,1052,23
806,979,30
979,980,8
770,772,31
770,805,18
977,984,8
984,10961,27
805,806,33
805,829,43
771,772,3
772,10583,29
792,793,46
793,794,3
794,938,40
938,939,43
800,1053,27
800,389115,34
389115,389116,13
788,790,13
790,389122,19
389120,389121,44
389121,389122,3
778,779,38
778,804,24
778,958,6
779,1019,7
779,389119,4
804,828,13
804,844,21
799,958,17
958,960,2
958,1019,40
1019,1054,33
389111,389119,26
781,783,45
781,1134,5
1132,1134,18
1133,1134,5
1134,1289,3
784,785,13
784,786,8
784,801,39
795,801,4
791,795,49
791,937,13
389120,389122,13
795,936,46
834,937,8
936,937,2
937,939,33
792,794,23
792,814,49
792,815,23
794,939,21
814,824,32
814,837,19
815,837,11
815,875,36
834,939,35
833,936,33
935,936,48
388426,389118,20
389118,389120,31
798,799,43
798,800,1
799,960,41
799,1054,7
800,1054,22
934,960,7
959,960,39
1054,389263,27
843,844,44
844,1011,11
826,828,11
828,869,5
806,981,16
829,830,25
829,838,24
809,818,9
809,953,25
840,953,22
933,953,22
953,10455,14
816,818,31
818,10457,37
812,813,15
812,823,42
819,820,45
820,833,9
820,951,18
827,1013,5
813,942,29
821,823,42
823,942,14
823,951,32
824,1145,39
824,1326,3
824,1377,13
837,866,11
875,888,35
875,891,44
816,817,25
816,830,47
816,840,6
817,976,20
817,1003,27
839,840,47
840,952,38
830,10458,50
976,977,15
976,978,36
819,832,5
819,845,48
832,833,31
832,834,11
845,855,45
845,864,47
855,951,3
858,951,13
833,834,22
821,822,13
821,835,4
835,836,27
835,838,36
1145,1146,33
1145,1149,17
871,1326,44
1181,1326,16
1326,1387,2
1146,1377,40
1375,1377,38
826,827,43
826,842,38
826,847,31
847,848,26
847,859,35
843,869,8
868,869,31
869,1016,28
838,858,18
865,866,9
866,945,29
857,858,47
858,952,2
839,852,34
839,959,29
852,856,33
852,862,11
850,959,31
959,962,10
882,952,8
883,952,37
843,846,3
843,1010,12
846,851,34
846,969,1
864,867,19
864,950,41
854,855,42
855,950,23
849,851,17
850,851,22
851,970,47
956,969,33
969,970,25
969,1016,39
859,868,33
859,878,23
849,850,49
849,961,22
849,1005,26
850,962,30
911,1005,1
1004,1005,43
1005,1006,20
861,961,36
961,964,31
961,971,24
862,962,41
962,971,28
956,970,35
970,1008,12
856,877,21
856,883,35
860,862,34
862,877,29
854,903,1
854,9857,5
902,903,5
903,905,6
903,2652,6
950,1002,30
950,1014,5
876,877,28
877,883,24
881,883,18
857,872,31
857,882,12
872,873,36
872,2645,43
881,882,24
882,2686,13
868,966,7
860,861,23
860,876,21
860,963,27
861,964,26
861,971,28
876,880,10
876,2648,49
963,964,6
963,965,7
963,1004,26
388972,389013,33
388998,389013,15
388982,389360,47
389360,389420,28
389360,1067784,47
867,874,41
867,893,29
865,870,43
865,886,46
870,871,44
870,884,41
885,886,11
886,944,48
886,945,47
874,894,27
874,7539,25
893,901,18
893,2646,23
957,966,50
966,967,10
966,2649,46
968,1016,24
884,2671,30
884,3217,35
2645,2652,4
2645,2665,34
887,894,11
894,994,50
894,2646,37
888,891,47
890,891,28
891,892,28
887,888,14
888,948,19
880,881,3
880,2650,41
2648,2650,13
2648,10445,19
2669,2677,47
2650,2661,41
2665,2686,13
2685,2686,40
2686,2688,23
2670,2671,26
2671,2672,45
2671,3219,37
1387,3217,39
2672,3217,46
3217,4449,16
885,897,35
885,946,1
892,946,36
946,947,45
946,949,23
944,3220,47
887,889,19
890,892,20
890,2653,12
892,947,2
994,2653,28
2653,2683,28
947,3220,11
900,901,39
901,1014,36
2646,2696,33
994,3233,39
2726,2727,17
2726,9836,44
2726,9837,49
898,899,30
898,3049,25
898,7586,29
899,3114,44
899,10518,42
3049,3193,5
3049,10397,1
7586,7587,4
7586,10397,42
3114,3115,34
3114,3193,32
7587,10518,38
8986,10518,12
1002,1014,48
1014,3224,8
904,905,29
905,1002,50
2652,2674,36
906,907,32
906,2727,39
906,9838,12
907,9825,38
2727,2947,13
9837,9838,4
9838,9839,16
7597,9825,37
9825,9856,38
908,909,18
908,955,27
908,1017,46
909,954,37
909,955,5
1008,1017,8
1017,2651,45
955,2647,50
954,956,42
954,957,7
910,911,28
910,1018,17
911,1007,39
911,1008,25
1008,1018,3
1018,3213,3
1018,3214,2
1004,1007,19
1007,3213,38
912,913,34
912,1810,8
912,1817,24
912,2601,44
913,1432,42
913,2184,32
1432,1817,40
1817,2185,26
1817,2187,34
1768,1810,33
1784,1810,42
1806,1810,16
1432,1836,12
914,2184,29
1833,2184,8
2184,2597,50
914,915,19
916,917,14
916,1015,33
916,6251,48
916,9409,28
917,5895,16
917,9408,18
1015,5906,50
1015,6104,25
4966,6251,25
6251,9406,29
6251,9409,46
6248,9409,43
4967,5895,29
5883,5895,14
5895,9076,40
6104,9408,6
9076,9408,48
918,1057,4
1057,1264,24
926,1022,19
926,1123,42
1022,1308,21
1122,1123,21
1123,1272,44
932,1043,24
985,1043,45
933,934,48
1133,1288,48
1286,1288,26
1288,1308,17
3220,3228,25
956,957,2
957,968,39
2647,2649,44
2647,2651,43
965,3210,25
965,3213,29
965,3215,2
2655,3215,20
2658,3215,6
3210,3215,35
2655,3213,2
3210,3211,32
3210,3212,44
2649,2664,16
982,983,12
982,5370,26
982,6107,16
983,5346,11
983,10707,41
5370,5371,13
5370,5372,21
5370,5377,2
5339,6107,14
5371,6107,15
6107,10587,8
5338,5346,12
5346,5350,38
985,987,40
8458,8464,33
8463,8464,16
3232,3233,12
995,996,32
995,8967,39
996,7755,9
996,7791,8
996,8969,48
7755,8967,9
7767,8967,8
8967,9038,35
7755,7756,17
7755,7757,14
7755,8969,16
8969,8970,17
7790,7791,44
7791,8970,37
997,998,34
997,7789,36
998,7807,18
998,8916,31
7786,7789,41
7789,7804,8
7786,7807,4
7806,7807,16
7804,8916,11
8754,8916,35
8916,8917,32
999,1000,22
999,8721,40
1000,8918,46
1000,9041,47
7781,8721,50
8721,8919,20
7781,9041,42
9040,9041,10
7812,8918,21
8918,9040,23
8440,8447,15
8447,8456,37
8434,9077,3
8636,9077,29
1021,1172,2
1021,1246,47
1021,1253,6
2688,3224,20
2712,3224,45
5876,5906,13
5905,5906,2
5906,6100,16
5872,6104,21
6104,6105,4
2651,2656,41
2651,2668,28
2655,3214,36
2656,3214,16
1141,1308,40
1308,1309,31
1029,1030,46
1029,5150,44
1029,497284,37
1030,5145,34
1030,5152,8
5150,5151,45
497154,497284,6
5143,5152,27
5146,5152,7
5152,497154,43
5143,5145,14
1749,1754,40
1749,2165,14
1739,2165,19
1032,1033,5
1032,1683,21
1032,493091,26
1033,4589,33
1033,5147,49
1033,493090,20
1033,497146,18
1645,1683,45
1683,4589,44
1683,493041,35
493041,493091,26
493088,493091,4
493090,493091,12
4589,4590,3
5147,10147,42
5147,10159,38
493073,493090,36
493090,497147,34
497146,497147,25
497146,497149,39
1034,1035,33
1034,10126,36
1035,10118,22
1035,10138,22
10122,10126,2
10105,10118,24
10117,10118,2
10118,10119,45
9603,10138,9
1041,389063,23
389049,389063,24
389082,389084,13
389262,389263,8
389263,389266,24
2626,2630,5
2630,2631,28
2630,388685,27
388566,388568,11
388568,388569,43
388568,388684,15
388568,388685,19
1059,1264,15
1263,1264,19
1264,1067784,39
1264,1068055,31
1058,1059,47
1058,1354,37
1058,1067850,49
1059,10453,2
1063,1354,27
1354,10452,39
1067850,1087217,6
1067850,1087220,35
1263,1270,31
1062,1063,49
1062,1265,33
1062,1268,38
1062,1067833,26
1063,1268,44
1265,1267,38
1265,1303,1
1265,1067844,14
1067,1268,30
1067833,1067834,16
1067833,1067835,43
1067833,1067844,50
1079,1081,21
1066,1068,7
1068,1270,20
1066,1067,19
1066,1076,8
1067,1269,31
1067,1270,2
1076,1077,11
1076,1080,42
1076,1081,8
1076,1269,44
1266,1269,4
1267,1269,12
1070,1071,24
1070,1072,46
1070,1077,9
1071,1267,6
1071,1303,4
1071,1067861,8
1072,1074,47
1072,1078,8
1077,1266,5
1077,1276,35
1303,1068223,11
1266,1267,5
1067842,1067861,47
1067860,1067861,17
1067861,1068054,25
1074,1078,37
1074,1082,17
1078,1083,25
1082,1085,34
1082,1067898,27
1080,1081,31
1080,1087,15
1083,1276,40
1091,1276,35
1275,1276,20
1083,1092,45
1086,1087,21
1087,1277,6
1084,1085,4
1085,1092,18
1067868,1067898,32
1067869,1067898,4
1092,1104,12
1092,1275,10
1084,1093,27
1084,1067913,37
1093,1098,3
1093,1105,19
1067911,1067913,21
1067913,1067914,37
1067913,1067956,45
1086,1090,17
1090,1091,46
1090,1097,27
1091,1277,43
1091,1101,26
1097,1100,30
1100,1101,7
1101,1274,27
1101,1275,42
1275,1279,13
1103,1104,5
1104,1279,29
1098,1102,4
1098,1109,50
1098,1067956,4
1103,1105,32
1105,1334,41
1096,1435,37
1096,1452,39
3258,3473,35
3379,3473,50
1427,1463,17
1435,1463,39
1454,1463,15
1418,1435,10
1435,1437,2
1436,1452,40
1452,1456,38
1100,1106,41
1102,1110,36
1102,1111,8
1102,1067960,21
1107,1109,11
1109,1111,16
1109,1127,38
1067876,1067956,16
1067956,1068080,35
1106,1272,32
1106,1274,11
1108,1274,17
1273,1274,45
1110,1115,45
1110,1116,41
1110,1067970,28
1111,1117,15
1111,1119,5
1067960,1068224,42
1067960,1068225,6
1103,1107,45
1107,1108,36
1108,1279,4
1279,1333,44
1113,1272,46
1272,1273,47
1108,1278,13
1127,1278,16
1273,1278,17
1119,1127,38
1126,1127,12
1115,1116,30
1115,1121,17
1116,1117,47
1067970,1067971,34
1067970,1068135,7
1117,1137,45
1118,1119,45
1119,1284,36
1112,1113,38
1112,1114,24
1112,1126,35
1113,1335,33
1126,1128,21
1120,1121,42
1121,1068135,36
1136,1137,11
1137,1284,15
1118,1135,6
1118,1285,32
1128,1135,32
1135,1151,49
1190,1285,1
1285,1341,49
1282,1284,16
1284,1342,7
1120,1125,27
1120,1347,18
1158,1347,41
1347,1348,48
1124,1125,26
1125,1085541,25
1067973,1068135,9
1068086,1068135,18
1122,1129,12
1122,1309,22
1129,1130,26
1129,1141,48
1124,1131,10
1124,1139,43
1124,1211,25
1124,1067984,29
1131,1144,13
1131,1067988,49
1139,1155,19
1139,1177,33
1159,1211,42
1211,1238,7
1067981,1067984,46
1067984,1067985,14
1128,1151,5
1147,1151,40
1151,1168,29
1151,1188,36
1140,1141,16
1141,1143,34
1144,1156,41
1144,1304,21
1067986,1067988,12
1067988,1067990,30
1067988,1068098,29
1132,1133,17
1132,1375,10
1133,1286,32
1146,1375,43
1150,1375,44
1140,1286,28
1150,1286,10
1286,1287,31
1136,1138,46
1136,1152,45
1152,1157,19
1152,1282,13
1155,1156,18
1155,1243,20
1175,1177,3
1177,1349,27
1177,1350,8
1140,1143,37
1142,1143,34
1143,1287,36
1142,1147,50
1142,1148,20
1147,1148,25
1147,1183,35
1183,1287,23
1287,1311,40
1292,1304,31
1304,1067989,19
1156,1351,29
1146,1150,29
1149,1150,19
1149,1161,8
1150,1317,41
1150,10698,15
1182,1183,26
1183,1188,12
1160,1161,2
1161,1358,33
1317,1318,39
1317,1319,18
1317,10656,13
1174,10698,12
1318,10698,10
1168,1188,9
1168,1190,33
1168,1196,48
1187,1188,34
1157,1158,24
1157,1159,31
1282,1283,24
1153,1154,24
1153,1344,35
1153,4094,46
1344,1345,27
1344,1353,29
4092,4094,8
4094,4107,38
1202,1243,11
1242,1243,11
1243,1292,29
1158,10877,18
1159,1205,21
1204,1205,8
1205,1283,40
1205,1290,23
1160,1163,2
1160,1165,46
1164,1165,15
1162,1163,40
1163,1359,30
1162,1164,41
1162,1167,33
1164,1169,5
1164,1184,35
1166,1167,22
1167,1360,3
1166,1169,10
1169,1171,18
1184,1352,21
1184,1376,49
1166,1170,16
1170,1171,15
1170,1178,30
1189,1190,32
1190,1283,45
1189,1196,21
1195,1196,48
1171,1181,12
1173,1178,38
1178,1181,4
1178,1365,17
1181,1356,37
1173,1174,34
1173,1361,50
1174,1180,34
1174,1366,48
1186,1361,1
1361,1366,45
1179,1180,48
1180,1318,37
1179,1366,15
1301,1366,29
1175,1176,16
1175,1202,48
1200,1202,1
1202,1291,29
1349,10436,48
1185,1365,32
1356,1365,35
1179,10658,14
1318,10386,2
1192,1356,11
1182,1209,16
1182,1310,21
1194,1310,27
1209,1310,2
1310,1311,7
1208,1209,33
1209,1312,15
1185,1186,36
1185,1191,48
1191,1192,22
1191,1207,25
1187,1195,11
1187,1210,23
1187,1213,30
1195,1210,22
1210,1213,23
1210,1226,7
1213,1218,10
1189,1204,18
1189,1297,23
1204,1296,39
1295,1297,25
1297,3800,49
1297,4383,37
1199,1207,39
1206,1207,18
1193,1194,18
1193,1314,17
1193,1319,23
1193,10386,41
1194,1208,16
1208,1314,39
1215,1314,44
1311,1319,5
1215,10386,25
1301,10386,30
1208,1312,3
1197,1198,5
1197,1199,42
1197,1206,28
1197,1370,33
1198,1300,10
1198,1301,34
1198,1302,16
1199,1369,43
1206,1212,50
1206,1387,18
1212,1370,18
1222,1370,4
1214,1301,29
1214,1300,48
1222,1300,12
1231,1300,44
1200,1201,33
1200,1229,2
1229,1247,17
1229,4559,28
1238,1291,42
1291,3768,20
1295,1296,21
1296,1346,29
1238,1290,39
1290,1295,26
1212,1221,4
1212,1357,24
1336,1387,40
1219,1312,27
1226,1228,3
1226,1233,2
1226,1235,44
1237,1238,20
1224,1357,21
1220,1221,7
1221,1224,39
1216,1218,14
1218,1219,27
1218,1228,7
1214,1215,4
1214,1217,37
1215,1217,28
1216,1217,23
1217,1299,24
1216,1219,30
1227,1299,36
1231,1299,27
1298,1299,45
1227,1228,6
1228,1233,28
1220,1222,15
1220,1223,12
1220,1225,20
1223,1224,32
1223,1225,41
1223,1316,26
1225,1230,11
1315,1316,2
1316,4437,43
1230,1231,26
1230,1234,29
1235,1236,48
1235,1241,50
1232,1233,20
1233,1236,3
1227,1232,30
1232,1236,23
1232,1298,44
3780,4559,28
4559,4560,31
1231,1240,22
1234,1239,23
1239,1240,19
1240,1262,13
1240,1298,17
1236,1313,7
1298,1313,1
1239,1262,15
1239,3773,31
1241,1249,36
1241,1261,18
1249,1313,13
1237,1251,8
1237,3767,45
3767,3768,3
3767,3797,4
1251,1252,12
1251,3772,22
1250,1262,50
1262,3778,37
2736,3773,6
3773,4275,22
1249,1261,3
1261,3770,15
1248,1249,24
1242,4261,40
1305,4261,14
4260,4261,44
4261,4560,22
1292,1305,50
1292,1067997,14
1244,1245,1
1244,4520,1
1244,4521,20
1244,7720,22
1245,7695,34
1245,7707,3
1245,7712,44
4520,4521,7
4520,5109,46
4520,7725,1
4521,5109,24
4521,7720,47
5109,7720,37
7714,7720,29
7695,7696,49
7695,7697,19
7695,8958,10
7697,7707,20
7701,7707,29
7707,8979,28
7711,7712,44
7712,8958,41
1248,1250,1
1248,3770,25
3769,3770,36
3770,3777,46
3771,3772,29
3772,3781,17
1254,1255,47
1254,1256,22
1254,9790,18
1255,9035,7
1255,9804,5
1255,9810,7
1256,9035,46
1256,9787,13
9789,9790,6
9790,9791,1
9790,9793,34
9035,9785,22
9035,9809,16
9793,9804,43
9804,9805,11
9803,9810,38
9810,9813,31
9786,9787,38
9787,9789,49
1257,1258,47
1257,3769,37
1257,3774,48
3774,3776,29
3774,4383,20
3769,3777,9
1259,1260,8
1259,1280,20
1259,7596,13
1280,1281,3
1280,9855,26
7596,7597,33
7596,7608,2
7596,9852,50
3775,3778,4
3778,4263,20
1067784,1067793,8
1068055,1068218,5
1068055,1087217,41
1068055,1090141,14
1067835,1067844,47
1067842,1067844,8
9852,9855,36
9854,9855,38
1311,10719,9
1295,3771,19
1305,1306,33
1305,1067998,31
1067993,1067997,20
1067995,1067997,22
1067997,1068097,4
1293,1294,50
1293,3192,27
1293,7228,27
1294,3192,43
1294,5119,5
3192,7240,31
7220,7228,39
7228,9606,25
5119,7203,29
5119,7204,10
5119,7246,43
3771,3799,17
3815,4383,3
4383,4384,6
3799,3800,19
3800,4443,21
1067989,1067990,6
1067989,1067993,12
1306,1307,36
1306,4260,11
1306,1068100,21
1067998,1067999,16
1067998,1068001,21
3805,4260,22
4260,4266,30
1068001,1068100,2
1068100,1068253,28
1315,1337,32
1315,1338,44
1336,1338,31
1338,4438,42
1336,1337,44
4437,4439,44
4437,4441,29
1320,1321,30
1320,1324,41
1320,5138,4
1321,5635,21
1321,6210,6
1324,1325,50
1324,1328,34
1324,6058,47
4706,5138,36
5138,5139,15
5138,5652,15
5635,5636,43
5635,6227,45
5635,6228,26
5635,6240,2
6058,6210,41
6209,6210,28
1322,1323,45
1322,1343,15
1322,6603,26
1322,6605,17
1323,1339,14
1323,6605,48
1323,6625,8
1339,6605,15
1343,6605,29
4482,6603,37
6597,6603,39
6603,6623,11
1339,1343,5
1343,10615,2
1339,1340,42
6623,6625,49
6624,6625,24
6625,6657,17
1325,4707,3
1325,4986,23
1325,5053,37
1328,1329,15
1328,5623,29
5623,6058,1
6057,6058,46
4684,4986,6
4707,4986,48
4981,4986,10
4682,4707,32
4706,4707,3
4685,5053,50
5053,5055,18
5053,5562,24
1390,1391,40
1390,1407,45
1408,1424,43
1419,1424,48
1329,5553,27
1329,5595,39
1329,5604,18
5612,5623,48
5562,5595,48
5595,6167,49
5553,5554,19
5553,5555,27
5591,5604,24
5604,5609,18
5604,5612,9
1330,1331,5
1330,1332,5
1330,5698,23
1331,5690,45
1331,5700,10
1332,4879,3
1332,5699,2
4728,5698,27
5698,5699,6
4879,5690,20
5690,5691,45
5690,5701,4
5700,5701,40
5700,5727,39
4879,5689,11
4879,6220,17
3755,5699,14
5688,5699,24
4276,4438,7
4438,4439,50
1340,6604,31
1340,6608,20
1340,6624,32
6604,6609,40
6604,7449,19
6604,10615,26
6624,6627,23
6624,6654,9
6606,6608,46
6608,6609,22
6608,6627,31
10615,10622,15
1362,1363,42
1362,4862,13
1362,4870,13
1362,4885,3
4858,4862,16
4862,4874,33
4885,4888,14
4885,4896,19
4885,4901,35
1545,1552,19
1546,1552,44
1552,1559,4
1544,1547,27
1545,1547,14
1367,1368,24
1367,2024,23
1367,2352,37
1368,1905,37
1368,8635,22
2024,2092,36
2024,2319,47
2024,2333,28
2352,2402,6
2352,2513,34
1904,1905,20
1905,2511,23
8634,8635,45
8635,8950,5
8635,10402,9
1373,1374,31
1373,10251,1
1374,1718,40
10251,10256,34
10251,10266,38
1718,10243,11
1718,10247,41
1378,1379,45
1378,9131,20
1379,1381,32
1379,1382,22
9125,9131,40
9131,9137,11
1383,1384,19
1383,1385,17
1383,1388,42
1383,5328,10
1384,1389,2
1384,5309,48
1385,5328,48
1385,6109,12
1385,6110,24
5326,5328,40
5327,5328,50
1388,1389,43
1388,5949,20
5302,5309,34
5309,6109,10
1389,5947,1
1389,6131,13
6108,6109,22
6109,6111,8
5334,6110,19
5355,6110,39
6108,6110,20
1393,1394,28
387863,389434,42
389434,389435,47
5949,5950,41
5949,5984,12
5303,5947,23
5943,5947,9
1391,1407,20
1406,1407,25
1407,1412,10
1391,1392,42
1393,1395,47
1393,1397,17
1397,10475,30
10471,10472,23
1665,1746,46
1422,1591,22
1437,1591,29
1404,1405,43
1404,1406,14
1404,1408,47
1406,1412,50
1408,1411,22
1408,1412,3
1412,1417,43
1412,1585,32
1409,1413,50
1409,1414,36
1413,1414,41
1413,1687,22
1414,10469,18
1415,1416,8
1416,1417,41
1416,1687,17
1415,1417,43
1417,1423,17
1687,1688,39
1688,10469,19
1415,1423,18
1415,1437,42
1436,1437,12
1418,1423,7
1419,1423,9
1418,1419,18
1418,1425,40
1418,1438,34
1425,1427,45
1425,1438,10
1427,1438,12
1431,1438,29
1420,1421,40
1420,1422,47
1420,1590,26
1421,1589,20
1421,389442,25
1422,1590,45
1588,1590,17
1590,1594,47
1588,1589,36
1589,1601,3
1589,389466,11
389435,389442,14
389439,389442,9
389442,389443,6
1426,1427,39
1426,1428,50
1426,1429,21
1429,1430,38
1429,1431,46
1430,1433,50
1430,2591,46
1431,10954,11
1433,1434,19
1433,1586,31
1831,2591,29
2591,10959,35
1834,1836,27
1836,10489,45
1434,1831,3
1434,1832,42
1454,1586,21
1586,1587,32
1586,1684,27
1831,2592,46
1832,1833,17
1832,2596,43
1436,1689,22
1436,10747,6
1689,1690,24
1689,10348,45
1608,10747,48
10347,10747,36
10348,10747,38
1439,1440,26
1439,1441,43
1439,1446,31
1439,10491,28
1440,1441,50
1440,3379,13
1441,1444,9
1441,1448,48
1441,3258,2
1446,1447,2
1446,1448,23
1693,10491,26
3571,10491,15
3379,10468,45
1444,1445,15
1444,1450,40
1448,1450,44
1448,1453,36
1449,3258,35
3258,10807,8
1442,1443,1
1442,1449,38
1442,1451,36
1443,1445,12
1449,10809,38
1445,1451,50
1450,1451,19
1447,1693,14
1447,1694,34
1693,3571,16
1453,1454,5
1453,1458,17
1455,1456,3
1454,1684,6
1457,1458,40
1458,1598,30
1458,1599,34
1684,1685,32
1455,10347,13
1655,10347,42
1697,10347,28
1457,1459,20
1457,1460,8
1459,1461,10
1459,1462,30
1460,1470,49
1460,1598,27
1596,1598,4
1597,1598,29
1461,1462,28
1462,1470,46
1462,10811,6
1470,1473,20
1464,1465,20
1464,1466,26
1464,1475,42
1465,1593,29
1465,1600,23
1465,1601,25
1466,1601,43
1466,1668,23
1466,389446,12
1475,1476,10
1475,1497,10
1588,1593,33
1593,1594,16
1593,1595,12
1595,1600,26
1600,1603,32
1601,389447,23
1497,1668,37
1668,1669,7
1668,389468,45
389446,389447,11
389446,389469,29
1471,1477,41
1471,10499,9
1697,5092,40
1473,1474,4
1473,1477,35
1477,1481,4
1477,1696,15
10498,10499,26
10499,10500,21
1474,1882,41
1474,1883,35
1474,1899,27
1882,2340,29
1882,2388,37
1596,1883,31
1883,10492,21
1897,1899,2
1899,2389,12
1476,1603,38
1496,1497,46
1497,1498,44
1602,1603,25
1481,1482,15
1481,1484,26
1478,1479,2
1478,1480,39
1478,1498,38
1479,1607,23
1479,1610,39
1479,1612,48
1480,1610,35
1496,1498,49
1498,1612,16
1607,1608,47
1607,1609,50
1607,1612,17
1602,1610,37
1506,1612,21
1611,1612,1
1482,1483,7
1482,1657,18
1484,1492,12
1484,1613,14
1483,1700,14
1483,10496,30
1656,1657,7
1657,10351,20
1700,10497,20
1700,10498,26
10349,10496,29
10496,10497,42
1491,1492,21
1492,1614,24
1492,1659,38
1490,1613,40
1485,1486,46
1485,1487,49
1485,1495,31
1486,1605,14
1486,1615,24
1486,2259,49
1494,1495,1
1495,1701,14
1615,2390,2
1615,2391,30
1490,1605,25
1605,1606,38
1489,1490,35
1489,1493,36
1489,1494,20
1490,1614,3
1494,1508,38
1491,1493,49
1493,1614,6
1493,1624,3
1491,1660,44
1491,1698,4
1533,1660,50
1624,1660,4
1659,1660,6
1656,1659,11
1659,1714,31
1554,1624,3
1623,1624,35
1507,1508,13
1508,1728,29
1496,1502,33
1501,1502,27
1502,1617,31
1502,1618,21
1499,1500,15
1499,1538,35
1499,1710,43
1499,1712,24
1500,1510,28
1500,1673,40
1500,10660,10
1525,1538,8
1538,1544,35
1712,1713,35
1712,1714,45
1626,1710,20
1710,1714,27
1658,1673,39
1673,1674,40
1673,1713,49
1505,1510,11
1509,1510,9
1510,1679,47
1501,1503,2
1501,1619,17
1503,1504,24
1503,1621,41
1617,1619,49
1619,1620,34
1619,1672,24
1616,1617,40
1504,1622,31
1504,1671,23
1504,493064,6
1620,1621,44
1621,1622,27
1621,1675,11
1670,1671,25
1671,493059,39
1622,1675,29
1622,493064,39
492992,493064,2
493059,493064,50
1505,1506,6
1505,1679,1
1506,1655,27
1506,1658,7
1516,1679,37
1678,1679,48
1608,1655,23
1655,10349,18
1656,1658,6
1658,10351,45
1507,1554,27
1507,1661,28
1553,1554,3
1554,1661,16
1661,1662,11
1661,1725,37
1728,10812,40
1728,10813,2
1511,1512,28
1511,1516,36
1511,1629,24
1512,1630,47
1512,1678,50
1512,493021,42
1583,1629,44
1629,1630,18
1629,1680,41
1515,1516,22
1516,1583,38
1677,1678,35
1678,493021,35
1630,1680,27
1630,493068,45
493015,493021,14
1513,7678,15
1513,8487,15
8487,8488,42
8487,8652,27
8487,8959,5
7677,7678,23
7678,8955,41
1515,1527,49
1515,1627,6
1527,1531,34
1527,1632,39
1583,1627,29
1627,1628,37
1583,1584,9
1517,1518,49
1517,1519,29
1517,10663,20
1519,1532,49
1519,1626,42
10502,10663,15
10663,10665,12
1532,1533,11
1532,10664,42
1625,1626,35
1626,1711,8
1521,1522,19
1521,1546,5
1521,1551,28
1522,1533,25
1522,10670,18
1551,1553,17
1545,1546,45
1523,1524,3
1523,3517,3
1523,3519,18
1523,9063,14
1524,8185,35
1524,8731,35
3517,3542,37
3517,3649,11
3517,3698,9
2935,3519,26
3519,3542,34
3564,9063,21
3591,9063,3
3586,8185,33
8730,8731,7
8731,8732,49
1525,1526,17
1525,1528,35
1526,10501,24
1526,10669,40
1528,1542,21
1528,10507,4
10501,10502,13
10501,10503,33
10507,10669,6
10668,10669,33
1529,1531,38
1530,1531,32
1531,1633,14
1631,1632,13
1632,1634,29
1542,1543,27
1542,1544,11
1529,1530,26
1529,1704,9
1530,1705,22
1537,1704,9
1704,1705,43
1705,1708,34
1631,1633,30
1633,1647,38
10664,10665,24
10664,10666,5
1535,1641,7
1535,1643,33
1541,10504,8
1643,1708,27
1643,10504,37
1536,1537,32
1536,1540,19
1536,1730,47
1537,1708,39
1567,1730,47
1729,1730,40
1730,1734,2
1540,5071,46
3471,5071,8
1548,1549,44
1548,2132,4
1549,2074,16
1549,2107,22
2125,2132,40
2132,2136,23
2074,2075,27
2074,2076,9
2074,2090,21
2105,2107,23
2107,2483,33
1553,1556,47
1553,1564,36
1558,1559,35
1559,1636,39
1555,1556,14
1556,1574,27
1563,1564,18
1564,1635,11
1564,1636,3
1555,1562,29
1555,2465,29
1560,1562,4
1562,1574,33
1562,1638,36
2281,2465,12
2465,2484,23
1573,1574,15
1574,1637,15
2770,2772,5
1558,1563,30
1558,1568,17
1563,1651,19
1560,1561,7
1560,1571,43
1561,2076,8
1561,2091,14
1571,1572,25
1571,2091,37
2091,10439,34
2091,10748,18
2076,10744,23
1638,2063,2
1638,2281,10
1638,2282,43
1650,1651,26
1651,1716,4
1635,1637,38
1635,1650,31
1565,1566,21
1565,1567,50
1565,1569,1
1566,1729,49
1566,1731,21
1566,1732,38
1567,1735,15
1569,1576,24
1569,1732,14
1569,1733,12
1729,1731,26
1731,5073,37
1732,1733,38
1576,5074,22
1702,1733,10
1733,5073,10
1572,1573,15
1572,1579,15
1573,1575,44
1579,1581,12
1579,1719,3
1575,1637,1
1575,1717,18
1650,1717,26
1717,2141,9
1702,5074,1
1703,5074,32
1577,1578,23
1577,1973,30
1577,2344,19
1577,10819,27
1964,1973,29
1972,1973,22
1691,2344,15
1965,2344,41
2344,2643,26
1581,1582,39
1581,2142,37
1719,1720,27
1719,1721,25
4421,4422,43
4421,6264,14
1582,1723,47
1582,1724,25
1582,10873,29
1654,2142,46
2142,6214,41
1723,3970,14
1723,10908,40
1584,1628,5
1584,1682,21
1647,1682,28
1681,1682,48
1628,1634,8
389445,389466,14
1594,1736,21
1595,1604,17
1604,1736,8
1602,1604,17
1596,1597,33
1596,2207,17
1597,1695,12
1685,2207,31
2192,2207,45
2207,2340,8
389447,389462,48
389447,389463,50
1606,1897,50
1606,2218,35
1606,2390,49
1897,1898,12
2216,2218,12
2218,2241,15
2390,10814,18
1608,1609,2
1609,10348,32
1611,1616,38
1620,1676,42
1672,1676,12
1672,1677,19
1672,493000,49
1675,1676,25
1676,493001,45
1675,492994,32
1631,1634,31
1680,1681,44
1680,493024,39
493015,493068,27
493020,493068,36
493067,493068,44
1646,1647,7
1647,4927,30
1650,1652,21
2060,2063,17
2063,2068,46
2281,2470,26
2061,2282,32
2062,2282,13
1639,1640,47
1640,4588,42
1640,4942,43
1652,4942,7
4941,4942,14
4588,4928,50
1644,1645,18
1645,1681,13
1646,4929,49
1646,4936,27
4598,4929,18
4927,4929,21
4929,4933,3
4934,4936,40
4936,5076,2
4927,4928,9
1648,1649,19
1648,3474,47
1648,4393,25
1649,4518,43
1649,4519,39
3474,4392,32
3474,4518,22
4392,4393,1
4393,4519,4
4518,8481,27
3484,4519,7
4519,8485,14
1653,1654,24
1653,4593,37
1653,4937,7
1653,5926,7
1654,2479,12
2154,4937,3
4937,4938,28
4937,5080,23
5910,5926,29
5924,5926,1
4591,4593,22
4593,10514,9
2478,2479,48
2479,2481,50
10349,10350,47
10349,10351,1
1656,1713,33
10351,10352,20
1714,1715,19
1662,1663,10
1662,1664,23
1662,2278,38
1663,1725,40
1725,1727,33
1663,1726,23
1664,2056,17
1664,2059,4
1664,2278,24
2278,2279,8
2278,10815,5
2055,2059,13
2058,2059,42
2059,2277,25
2055,2056,48
2056,2057,4
2056,2329,5
1665,10108,11
10107,10108,5
10108,388032,41
1669,1670,45
1669,389468,27
1669,493060,47
389468,389469,4
389468,493079,15
1670,493057,29
492989,493060,38
492991,493060,40
493060,493079,6
492993,493057,6
493057,493058,34
493057,493061,2
492993,493059,35
493000,493001,1
493000,493013,29
492994,493001,20
492994,493007,47
493001,493014,15
493024,493025,8
493024,493027,33
493041,493042,8
493041,493043,4
1685,2192,2
2192,2210,36
1688,3572,47
1691,1692,23
1691,1965,17
1964,1965,27
1965,2248,10
3571,10468,4
1702,1703,46
1703,5075,8
5073,5075,30
1706,1707,17
1706,1709,49
1706,1985,11
1707,2246,11
1707,2247,24
1707,2248,9
1985,1986,46
1985,1988,46
2244,2246,32
2246,2247,30
2246,2248,29
2233,2248,21
2245,2247,41
2247,2251,41
1721,2141,24
2141,2154,45
10244,10247,8
10242,10243,39
10243,10246,25
1721,1722,12
3970,3971,36
3970,10878,22
1734,5072,2
1742,1747,50
1742,2157,29
1744,2171,36
1747,1750,15
1747,1752,31
2157,2375,42
1760,1761,20
1761,1762,28
2158,2171,2
2170,2171,48
2171,2559,21
1752,2158,26
1750,1775,46
1750,2172,32
1751,1752,36
1752,2172,25
1753,1754,12
1753,1759,20
1754,2162,21
1775,1776,36
1775,1786,19
2172,2173,45
2172,2373,4
1759,1762,1
1759,1778,44
2162,2163,16
1755,1756,41
1755,2331,12
1755,2546,32
1756,2559,14
1756,10659,23
2331,2332,9
2331,2335,33
2546,2547,8
2546,2548,27
2559,2561,32
1757,2167,43
1757,2170,17
2167,2168,8
2167,2359,24
1774,2170,41
2168,2170,9
1760,1762,10
1777,1778,1
1778,10482,12
1760,1776,33
1776,10480,16
1763,1764,25
1763,1765,32
1763,1783,29
1764,2191,20
1765,1777,37
1765,2377,45
1779,1783,44
1783,1787,42
1785,2191,34
1789,2191,35
1777,1779,30
2377,5125,43
2377,10645,47
1766,1767,44
1766,2552,33
1766,2557,50
1767,2364,17
1767,2365,47
2362,2552,19
2364,2552,13
2552,2553,10
2557,2558,4
2557,2560,41
2364,2550,30
1768,1784,25
1784,1785,12
1784,1788,23
1785,10437,18
1770,1771,36
1770,1772,50
1770,2510,17
1770,2518,44
1771,2505,50
1771,2507,31
1772,1773,27
1772,1774,45
2505,2510,12
2506,2510,45
2510,2519,37
2517,2518,4
2518,2531,46
2335,2505,25
1773,2501,6
1773,2504,23
1774,2335,27
1774,2336,17
2336,2501,15
2501,2502,48
2501,2503,19
2504,2531,9
2332,2335,32
2336,2337,4
2336,2338,30
1786,1796,8
1786,10486,37
1779,1790,25
